Dia;Dia_semana;Tipo
2022-01-01;sabado;Festivo
2022-01-02;domingo;domingo
2022-01-03;lunes;laborable
2022-01-04;martes;laborable
2022-01-05;miercoles;laborable
2022-01-06;jueves;Festivo
2022-01-07;viernes;laborable
2022-01-08;sabado;sabado
2022-01-09;domingo;domingo
2022-01-10;lunes;laborable
2022-01-11;martes;laborable
2022-01-12;miercoles;laborable
2022-01-13;jueves;laborable
2022-01-14;viernes;laborable
2022-01-15;sabado;sabado
2022-01-16;domingo;domingo
2022-01-17;lunes;laborable
2022-01-18;martes;laborable
2022-01-19;miercoles;laborable
2022-01-20;jueves;laborable
2022-01-21;viernes;laborable
2022-01-22;sabado;sabado
2022-01-23;domingo;domingo
2022-01-24;lunes;laborable
2022-01-25;martes;laborable
2022-01-26;miercoles;laborable
2022-01-27;jueves;laborable
2022-01-28;viernes;laborable
2022-01-29;sabado;sabado
2022-01-30;domingo;domingo
2022-01-31;lunes;laborable
2022-02-01;martes;laborable
2022-02-02;miercoles;laborable
2022-02-03;jueves;laborable
2022-02-04;viernes;laborable
2022-02-05;sabado;sabado
2022-02-06;domingo;domingo
2022-02-07;lunes;laborable
2022-02-08;martes;laborable
2022-02-09;miercoles;laborable
2022-02-10;jueves;laborable
2022-02-11;viernes;laborable
2022-02-12;sabado;sabado
2022-02-13;domingo;domingo
2022-02-14;lunes;laborable
2022-02-15;martes;laborable
2022-02-16;miercoles;laborable
2022-02-17;jueves;laborable
2022-02-18;viernes;laborable
2022-02-19;sabado;sabado
2022-02-20;domingo;domingo
2022-02-21;lunes;laborable
2022-02-22;martes;laborable
2022-02-23;miercoles;laborable
2022-02-24;jueves;laborable
2022-02-25;viernes;laborable
2022-02-26;sabado;sabado
2022-02-27;domingo;domingo
2022-02-28;lunes;laborable
2022-03-01;martes;laborable
2022-03-02;miercoles;laborable
2022-03-03;jueves;laborable
2022-03-04;viernes;laborable
2022-03-05;sabado;sabado
2022-03-06;domingo;domingo
2022-03-07;lunes;laborable
2022-03-08;martes;laborable
2022-03-09;miercoles;laborable
2022-03-10;jueves;laborable
2022-03-11;viernes;laborable
2022-03-12;sabado;sabado
2022-03-13;domingo;domingo
2022-03-14;lunes;laborable
2022-03-15;martes;laborable
2022-03-16;miercoles;laborable
2022-03-17;jueves;laborable
2022-03-18;viernes;laborable
2022-03-19;sabado;sabado
2022-03-20;domingo;domingo
2022-03-21;lunes;laborable
2022-03-22;martes;laborable
2022-03-23;miercoles;laborable
2022-03-24;jueves;laborable
2022-03-25;viernes;laborable
2022-03-26;sabado;sabado
2022-03-27;domingo;domingo
2022-03-28;lunes;laborable
2022-03-29;martes;laborable
2022-03-30;miercoles;laborable
2022-03-31;jueves;laborable
2022-04-01;viernes;laborable
2022-04-02;sabado;sabado
2022-04-03;domingo;domingo
2022-04-04;lunes;laborable
2022-04-05;martes;laborable
2022-04-06;miercoles;laborable
2022-04-07;jueves;laborable
2022-04-08;viernes;laborable
2022-04-09;sabado;sabado
2022-04-10;domingo;domingo
2022-04-11;lunes;laborable
2022-04-12;martes;laborable
2022-04-13;miercoles;laborable
2022-04-14;jueves;Festivo
2022-04-15;viernes;Festivo
2022-04-16;sabado;sabado
2022-04-17;domingo;domingo
2022-04-18;lunes;laborable
2022-04-19;martes;laborable
2022-04-20;miercoles;laborable
2022-04-21;jueves;laborable
2022-04-22;viernes;laborable
2022-04-23;sabado;sabado
2022-04-24;domingo;domingo
2022-04-25;lunes;laborable
2022-04-26;martes;laborable
2022-04-27;miercoles;laborable
2022-04-28;jueves;laborable
2022-04-29;viernes;laborable
2022-04-30;sabado;sabado
2022-05-01;domingo;domingo
2022-05-02;lunes;Festivo
2022-05-03;martes;laborable
2022-05-04;miercoles;laborable
2022-05-05;jueves;laborable
2022-05-06;viernes;laborable
2022-05-07;sabado;sabado
2022-05-08;domingo;domingo
2022-05-09;lunes;laborable
2022-05-10;martes;laborable
2022-05-11;miercoles;laborable
2022-05-12;jueves;laborable
2022-05-13;viernes;laborable
2022-05-14;sabado;sabado
2022-05-15;domingo;domingo
2022-05-16;lunes;Festivo
2022-05-17;martes;laborable
2022-05-18;miercoles;laborable
2022-05-19;jueves;laborable
2022-05-20;viernes;laborable
2022-05-21;sabado;sabado
2022-05-22;domingo;domingo
2022-05-23;lunes;laborable
2022-05-24;martes;laborable
2022-05-25;miercoles;laborable
2022-05-26;jueves;laborable
2022-05-27;viernes;laborable
2022-05-28;sabado;sabado
2022-05-29;domingo;domingo
2022-05-30;lunes;laborable
2022-05-31;martes;laborable
2022-06-01;miercoles;laborable
2022-06-02;jueves;laborable
2022-06-03;viernes;laborable
2022-06-04;sabado;sabado
2022-06-05;domingo;domingo
2022-06-06;lunes;laborable
2022-06-07;martes;laborable
2022-06-08;miercoles;laborable
2022-06-09;jueves;laborable
2022-06-10;viernes;laborable
2022-06-11;sabado;sabado
2022-06-12;domingo;domingo
2022-06-13;lunes;laborable
2022-06-14;martes;laborable
2022-06-15;miercoles;laborable
2022-06-16;jueves;laborable
2022-06-17;viernes;laborable
2022-06-18;sabado;sabado
2022-06-19;domingo;domingo
2022-06-20;lunes;laborable
2022-06-21;martes;laborable
2022-06-22;miercoles;laborable
2022-06-23;jueves;laborable
2022-06-24;viernes;laborable
2022-06-25;sabado;sabado
2022-06-26;domingo;domingo
2022-06-27;lunes;laborable
2022-06-28;martes;laborable
2022-06-29;miercoles;laborable
2022-06-30;jueves;laborable
2022-07-01;viernes;laborable
2022-07-02;sabado;sabado
2022-07-03;domingo;domingo
2022-07-04;lunes;laborable
2022-07-05;martes;laborable
2022-07-06;miercoles;laborable
2022-07-07;jueves;laborable
2022-07-08;viernes;laborable
2022-07-09;sabado;sabado
2022-07-10;domingo;domingo
2022-07-11;lunes;laborable
2022-07-12;martes;laborable
2022-07-13;miercoles;laborable
2022-07-14;jueves;laborable
2022-07-15;viernes;laborable
2022-07-16;sabado;sabado
2022-07-17;domingo;domingo
2022-07-18;lunes;laborable
2022-07-19;martes;laborable
2022-07-20;miercoles;laborable
2022-07-21;jueves;laborable
2022-07-22;viernes;laborable
2022-07-23;sabado;sabado
2022-07-24;domingo;domingo
2022-07-25;lunes;Festivo
2022-07-26;martes;laborable
2022-07-27;miercoles;laborable
2022-07-28;jueves;laborable
2022-07-29;viernes;laborable
2022-07-30;sabado;sabado
2022-07-31;domingo;domingo
2022-08-01;lunes;laborable
2022-08-02;martes;laborable
2022-08-03;miercoles;laborable
2022-08-04;jueves;laborable
2022-08-05;viernes;laborable
2022-08-06;sabado;sabado
2022-08-07;domingo;domingo
2022-08-08;lunes;laborable
2022-08-09;martes;laborable
2022-08-10;miercoles;laborable
2022-08-11;jueves;laborable
2022-08-12;viernes;laborable
2022-08-13;sabado;sabado
2022-08-14;domingo;domingo
2022-08-15;lunes;Festivo
2022-08-16;martes;laborable
2022-08-17;miercoles;laborable
2022-08-18;jueves;laborable
2022-08-19;viernes;laborable
2022-08-20;sabado;sabado
2022-08-21;domingo;domingo
2022-08-22;lunes;laborable
2022-08-23;martes;laborable
2022-08-24;miercoles;laborable
2022-08-25;jueves;laborable
2022-08-26;viernes;laborable
2022-08-27;sabado;sabado
2022-08-28;domingo;domingo
2022-08-29;lunes;laborable
2022-08-30;martes;laborable
2022-08-31;miercoles;laborable
2022-09-01;jueves;laborable
2022-09-02;viernes;laborable
2022-09-03;sabado;sabado
2022-09-04;domingo;domingo
2022-09-05;lunes;laborable
2022-09-06;martes;laborable
2022-09-07;miercoles;laborable
2022-09-08;jueves;laborable
2022-09-09;viernes;laborable
2022-09-10;sabado;sabado
2022-09-11;domingo;domingo
2022-09-12;lunes;laborable
2022-09-13;martes;laborable
2022-09-14;miercoles;laborable
2022-09-15;jueves;laborable
2022-09-16;viernes;laborable
2022-09-17;sabado;sabado
2022-09-18;domingo;domingo
2022-09-19;lunes;laborable
2022-09-20;martes;laborable
2022-09-21;miercoles;laborable
2022-09-22;jueves;laborable
2022-09-23;viernes;laborable
2022-09-24;sabado;sabado
2022-09-25;domingo;domingo
2022-09-26;lunes;laborable
2022-09-27;martes;laborable
2022-09-28;miercoles;laborable
2022-09-29;jueves;laborable
2022-09-30;viernes;laborable
2022-10-01;sabado;sabado
2022-10-02;domingo;domingo
2022-10-03;lunes;laborable
2022-10-04;martes;laborable
2022-10-05;miercoles;laborable
2022-10-06;jueves;laborable
2022-10-07;viernes;laborable
2022-10-08;sabado;sabado
2022-10-09;domingo;domingo
2022-10-10;lunes;laborable
2022-10-11;martes;laborable
2022-10-12;miercoles;Festivo
2022-10-13;jueves;laborable
2022-10-14;viernes;laborable
2022-10-15;sabado;sabado
2022-10-16;domingo;domingo
2022-10-17;lunes;laborable
2022-10-18;martes;laborable
2022-10-19;miercoles;laborable
2022-10-20;jueves;laborable
2022-10-21;viernes;laborable
2022-10-22;sabado;sabado
2022-10-23;domingo;domingo
2022-10-24;lunes;laborable
2022-10-25;martes;laborable
2022-10-26;miercoles;laborable
2022-10-27;jueves;laborable
2022-10-28;viernes;laborable
2022-10-29;sabado;sabado
2022-10-30;domingo;domingo
2022-10-31;lunes;laborable
2022-11-01;martes;Festivo
2022-11-02;miercoles;laborable
2022-11-03;jueves;laborable
2022-11-04;viernes;laborable
2022-11-05;sabado;sabado
2022-11-06;domingo;domingo
2022-11-07;lunes;laborable
2022-11-08;martes;laborable
2022-11-09;miercoles;Festivo
2022-11-10;jueves;laborable
2022-11-11;viernes;laborable
2022-11-12;sabado;sabado
2022-11-13;domingo;domingo
2022-11-14;lunes;laborable
2022-11-15;martes;laborable
2022-11-16;miercoles;laborable
2022-11-17;jueves;laborable
2022-11-18;viernes;laborable
2022-11-19;sabado;sabado
2022-11-20;domingo;domingo
2022-11-21;lunes;laborable
2022-11-22;martes;laborable
2022-11-23;miercoles;laborable
2022-11-24;jueves;laborable
2022-11-25;viernes;laborable
2022-11-26;sabado;sabado
2022-11-27;domingo;domingo
2022-11-28;lunes;laborable
2022-11-29;martes;laborable
2022-11-30;miercoles;laborable
2022-12-01;jueves;laborable
2022-12-02;viernes;laborable
2022-12-03;sabado;sabado
2022-12-04;domingo;domingo
2022-12-05;lunes;laborable
2022-12-06;martes;Festivo
2022-12-07;miercoles;laborable
2022-12-08;jueves;Festivo
2022-12-09;viernes;laborable
2022-12-10;sabado;sabado
2022-12-11;domingo;domingo
2022-12-12;lunes;laborable
2022-12-13;martes;laborable
2022-12-14;miercoles;laborable
2022-12-15;jueves;laborable
2022-12-16;viernes;laborable
2022-12-17;sabado;sabado
2022-12-18;domingo;domingo
2022-12-19;lunes;laborable
2022-12-20;martes;laborable
2022-12-21;miercoles;laborable
2022-12-22;jueves;laborable
2022-12-23;viernes;laborable
2022-12-24;sabado;sabado
2022-12-25;domingo;domingo
2022-12-26;lunes;Festivo
2022-12-27;martes;laborable
2022-12-28;miercoles;laborable
2022-12-29;jueves;laborable
2022-12-30;viernes;laborable
2022-12-31;sabado;sabado
